season,batsman,strike
2008,"A Chopra",80.77
2008,"A Kumble",76.47
2008,"A Mishra",88.10
2008,"A Mukund",0.00
2008,"A Nehra",25.00
2008,"A Symonds",154.81
2008,"AA Noffke",90.00
2008,"AB Agarkar",120.00
2008,"AB de Villiers",96.94
2008,"AB Dinda",50.00
2008,"Abdur Razzak",0.00
2008,"AC Gilchrist",138.85
2008,"AD Mascarenhas",112.50
2008,"AM Nayar",150.36
2008,"AM Rahane",23.53
2008,"AS Yadav",125.64
2008,"B Akhil",148.39
2008,"B Chipli",71.43
2008,"B Lee",141.67
2008,"BB McCullum",206.59
2008,"BJ Hodge",70.59
2008,"CK Kapugedera",72.73
2008,"CL White",114.00
2008,"CRD Fernando",200.00
2008,"D Kalyankrishna",37.50
2008,"D Salunkhe",137.50
2008,"DB Das",109.57
2008,"DB Ravi Teja",134.57
2008,"DJ Bravo",135.88
2008,"DJ Hussey",123.64
2008,"DJ Thornely",73.58
2008,"DNT Zoysa",122.22
2008,"DP Vijaykumar",100.00
2008,"DPMD Jayawardene",136.64
2008,"DR Smith",112.50
2008,"DS Kulkarni",12.50
2008,"DS Lehmann",100.00
2008,"DT Patil",100.00
2008,"DW Steyn",40.00
2008,"G Gambhir",141.27
2008,"GC Smith",122.16
2008,"GD McGrath",80.00
2008,"H Das",40.00
2008,"Harbhajan Singh",176.47
2008,"HH Gibbs",109.15
2008,"I Sharma",100.00
2008,"IK Pathan",113.91
2008,"Iqbal Abdulla",50.00
2008,"J Arunkumar",100.00
2008,"JA Morkel",148.77
2008,"JDP Oram",150.00
2008,"JH Kallis",108.74
2008,"Joginder Sharma",145.45
2008,"JR Hopes",149.32
2008,"K Goel",97.44
2008,"Kamran Akmal",166.23
2008,"KC Sangakkara",162.44
2008,"KD Karthik",135.51
2008,"L Balaji",0.00
2008,"L Ronchi",106.25
2008,"LA Pomersbach",153.54
2008,"LPC Silva",153.85
2008,"LR Shukla",133.61
2008,"LRPL Taylor",183.95
2008,"M Kaif",103.53
2008,"M Kartik",111.11
2008,"M Muralitharan",0.00
2008,"M Ntini",61.11
2008,"M Rawat",87.18
2008,"MA Khote",109.09
2008,"MEK Hussey",168.00
2008,"MF Maharoof",158.23
2008,Misbah-ul-Haq,144.44
2008,"MK Pandey",33.33
2008,"MK Tiwary",122.35
2008,"ML Hayden",148.82
2008,"MM Patel",0.00
2008,"Mohammad Asif",50.00
2008,"Mohammad Hafeez",77.11
2008,"MS Dhoni",133.55
2008,"MS Gony",159.09
2008,"MV Boucher",127.12
2008,"Niraj Patel",127.16
2008,"P Kumar",114.29
2008,"PA Patel",102.37
2008,"Pankaj Singh",62.50
2008,"PJ Sangwan",40.00
2008,"PM Sarvesh Kumar",50.00
2008,"PP Chawla",155.17
2008,"PP Ojha",50.00
2008,"PR Shah",100.00
2008,"R Bhatia",121.43
2008,"R Dravid",124.92
2008,"R Vinay Kumar",113.64
2008,"RA Jadeja",135.00
2008,"RG Sharma",149.63
2008,"RP Singh",112.50
2008,"RR Powar",133.33
2008,"RR Raje",88.89
2008,"RR Sarwan",97.33
2008,"RT Ponting",73.58
2008,"RV Uthappa",116.79
2008,"S Anirudha",14.29
2008,"S Badrinath",147.69
2008,"S Chanderpaul",80.65
2008,"S Dhawan",115.25
2008,"S Sohal",50.00
2008,"S Sreesanth",0.00
2008,"S Vidyut",133.03
2008,"SA Asnodkar",134.63
2008,"Salman Butt",120.63
2008,"SB Bangar",95.92
2008,"SB Joshi",42.86
2008,"SB Styris",91.80
2008,"SC Ganguly",114.43
2008,"SD Chitnis",200.00
2008,"SE Marsh",140.00
2008,"Shahid Afridi",176.09
2008,"Shoaib Akhtar",28.57
2008,"Shoaib Malik",113.04
2008,"SK Raina",143.20
2008,"SK Trivedi",41.67
2008,"SK Warne",120.69
2008,"SM Katich",141.18
2008,"SM Pollock",132.43
2008,"Sohail Tanvir",128.57
2008,"SP Fleming",120.99
2008,"SP Goswami",96.47
2008,"SR Tendulkar",106.21
2008,"SR Watson",153.75
2008,"SS Tiwary",130.00
2008,"ST Jayasuriya",166.88
2008,"T Kohli",66.67
2008,"T Taibu",119.23
2008,"TM Dilshan",133.33
2008,"TM Srivastava",80.00
2008,"U Kaul",0.00
2008,"Umar Gul",205.26
2008,"V Kohli",105.10
2008,"V Sehwag",187.96
2008,"VRV Singh",133.33
2008,"VS Yeligati",100.00
2008,"VVS Laxman",117.42
2008,"VY Mahesh",55.56
2008,"W Jaffer",110.58
2008,"WA Mota",96.30
2008,"WP Saha",133.61
2008,"WPUJC Vaas",123.53
2008,"Y Venugopal Rao",139.13
2008,"YK Pathan",182.01
2008,"Younis Khan",42.86
2008,"Yuvraj Singh",162.50
2008,"YV Takawale",109.38
2008,"Z Khan",80.95
2009,"A Chopra",57.89
2009,"A Flintoff",116.98
2009,"A Kumble",84.21
2009,"A Mishra",130.00
2009,"A Nehra",100.00
2009,"A Singh",33.33
2009,"A Symonds",152.76
2009,"AA Bilakhia",83.75
2009,"AB Agarkar",115.79
2009,"AB de Villiers",131.36
2009,"AB Dinda",66.67
2009,"AB McDonald",75.00
2009,"AC Gilchrist",153.73
2009,"AD Mascarenhas",100.00
2009,"AD Mathews",123.08
2009,"AM Nayar",127.81
2009,"AM Rahane",119.01
2009,"AN Ghosh",87.50
2009,"AS Raut",127.87
2009,"B Akhil",113.33
2009,"B Lee",82.35
2009,"BAW Mendis",0.00
2009,"BB McCullum",121.19
2009,"BJ Hodge",118.12
2009,"C Nanda",0.00
2009,"CH Gayle",124.32
2009,"D du Preez",76.92
2009,"DA Warner",123.48
2009,"DB Ravi Teja",92.86
2009,"DJ Bravo",108.46
2009,"DJ Hussey",171.93
2009,"DL Vettori",109.68
2009,"DPMD Jayawardene",132.73
2009,"DR Smith",164.12
2009,"DS Kulkarni",52.94
2009,"DW Steyn",0.00
2009,"FH Edwards",80.00
2009,"G Gambhir",103.62
2009,"GC Smith",99.53
2009,"GJ Bailey",115.38
2009,"GR Napier",93.75
2009,"Harbhajan Singh",158.49
2009,"HH Gibbs",112.42
2009,"I Sharma",123.08
2009,"IK Pathan",124.05
2009,"J Botha",120.51
2009,"JA Morkel",138.57
2009,"JD Ryder",116.67
2009,"JDP Oram",95.65
2009,"JH Kallis",109.06
2009,"Joginder Sharma",111.11
2009,"JP Duminy",114.46
2009,"K Goel",93.23
2009,"Kamran Khan",60.00
2009,"KC Sangakkara",103.11
2009,"KD Karthik",132.72
2009,"KP Appanna",0.00
2009,"KP Pietersen",110.71
2009,"KV Sharma",33.33
2009,"L Balaji",40.00
2009,"L Ronchi",0.00
2009,"LA Carseldine",122.73
2009,"LA Pomersbach",89.13
2009,"LR Shukla",97.65
2009,"LRPL Taylor",135.92
2009,"M Kartik",105.00
2009,"M Manhas",120.97
2009,"M Morkel",100.00
2009,"M Muralitharan",100.00
2009,"M Rawat",84.21
2009,"M Vijay",89.55
2009,"Mashrafe Mortaza",100.00
2009,"MC Henriques",95.00
2009,"MF Maharoof",100.00
2009,"MK Pandey",143.59
2009,"MK Tiwary",69.23
2009,"ML Hayden",145.55
2009,"MM Patel",126.92
2009,"MN van Wyk",127.48
2009,"Mohammad Ashraful",20.00
2009,"MS Dhoni",127.20
2009,"MS Gony",185.71
2009,"MV Boucher",131.58
2009,"Niraj Patel",47.37
2009,"NV Ojha",116.67
2009,"P Kumar",141.30
2009,"PA Patel",112.70
2009,"Pankaj Singh",50.00
2009,"PC Valthaty",50.00
2009,"PJ Sangwan",60.00
2009,"PP Chawla",86.11
2009,"PP Ojha",14.29
2009,"PR Shah",103.92
2009,"R Ashwin",53.33
2009,"R Bhatia",44.44
2009,"R Bishnoi",111.76
2009,"R Dravid",115.81
2009,"R Vinay Kumar",106.82
2009,"RA Jadeja",111.32
2009,"RE van der Merwe",124.49
2009,"RG Sharma",115.65
2009,"RJ Harris",116.67
2009,"RJ Quiney",100.98
2009,"RP Singh",47.06
2009,"RR Powar",104.55
2009,"RR Raje",133.33
2009,"RS Bopara",115.97
2009,"RV Uthappa",102.94
2009,"S Badrinath",107.93
2009,"S Dhawan",88.89
2009,"S Sohal",126.37
2009,"S Sreesanth",27.78
2009,"SA Asnodkar",105.38
2009,"SB Bangar",22.22
2009,"SB Jakati",133.33
2009,"SB Styris",175.00
2009,"SC Ganguly",92.20
2009,"SD Chitnis",75.00
2009,"Shoaib Ahmed",16.67
2009,"SK Raina",141.83
2009,"SK Trivedi",52.94
2009,"SK Warne",93.10
2009,"SL Malinga",0.00
2009,"SM Harwood",69.23
2009,"SM Katich",123.93
2009,"SP Goswami",88.33
2009,"SR Tendulkar",121.74
2009,"SS Shaikh",85.71
2009,"SS Tiwary",108.33
2009,"ST Jayasuriya",116.32
2009,"T Henderson",73.33
2009,"T Kohli",25.00
2009,"T Thushara",28.57
2009,"TL Suman",124.74
2009,"TM Dilshan",123.30
2009,"TM Srivastava",0.00
2009,"V Kohli",112.33
2009,"V Sehwag",147.76
2009,"VVS Laxman",57.58
2009,"W Jaffer",88.24
2009,"WA Mota",62.50
2009,"WP Saha",175.61
2009,"WPUJC Vaas",142.86
2009,"Y Nagar",100.00
2009,"Y Venugopal Rao",108.77
2009,"Yashpal Singh",72.31
2009,"YK Pathan",139.57
2009,"Yuvraj Singh",115.65
2009,"YV Takawale",81.82
2009,"Z Khan",72.73
2010,"A Kumble",54.55
2010,"A Mishra",78.00
2010,"A Mithun",125.00
2010,"A Nehra",121.05
2010,"A Symonds",126.18
2010,"A Uniyal",57.14
2010,"AA Bilakhia",50.00
2010,"AA Jhunjhunwala",110.24
2010,"AB Agarkar",142.86
2010,"AB Barath",100.00
2010,"AB de Villiers",93.28
2010,"AB Dinda",0.00
2010,"AB McDonald",125.00
2010,"AC Gilchrist",156.22
2010,"AC Voges",126.57
2010,"AD Mascarenhas",120.00
2010,"AD Mathews",127.32
2010,"AG Paunikar",0.00
2010,"AJ Finch",100.00
2010,"AM Nayar",113.73
2010,"AN Ahmed",57.14
2010,"Anirudh Singh",95.45
2010,"AP Dole",154.55
2010,"AP Tare",138.89
2010,"AS Raut",116.67
2010,"AT Rayudu",145.90
2010,"B Lee",122.22
2010,"B Sumanth",94.59
2010,"BAW Mendis",100.00
2010,"BB McCullum",104.59
2010,"Bipul Sharma",128.57
2010,"BJ Hodge",110.00
2010,"C Madan",83.33
2010,"CA Pujara",106.09
2010,"CH Gayle",159.56
2010,"CK Langeveldt",0.00
2010,"CL White",145.45
2010,"CRD Fernando",100.00
2010,"DA Warner",149.21
2010,"DE Bollinger",112.50
2010,"DJ Bravo",115.09
2010,"DJ Hussey",110.59
2010,"DL Vettori",122.22
2010,"DP Nannes",30.77
2010,"DPMD Jayawardene",148.83
2010,"DR Martyn",79.17
2010,"DR Smith",88.00
2010,"DW Steyn",76.47
2010,"EJG Morgan",116.67
2010,"FY Fazal",107.19
2010,"G Gambhir",127.65
2010,"GC Smith",112.82
2010,"GJ Bailey",66.67
2010,"Harbhajan Singh",175.00
2010,"Harmeet Singh",0.00
2010,"HH Gibbs",114.10
2010,"I Sharma",35.29
2010,"IK Pathan",148.39
2010,"Iqbal Abdulla",0.00
2010,"J Theron",40.00
2010,"JA Morkel",151.91
2010,"Jaskaran Singh",72.73
2010,"JH Kallis",116.97
2010,"JM Kemp",108.33
2010,"JP Duminy",119.85
2010,"K Goel",90.00
2010,"KA Pollard",186.99
2010,"KAJ Roach",111.11
2010,"KB Arun Karthik",60.00
2010,"KC Sangakkara",139.45
2010,"KD Karthik",117.80
2010,"KM Jadhav",135.71
2010,"KP Appanna",66.67
2010,"KP Pietersen",150.32
2010,"L Balaji",90.00
2010,"LR Shukla",138.46
2010,"LRPL Taylor",117.33
2010,"M Kaif",93.33
2010,"M Kartik",100.00
2010,"M Manhas",105.37
2010,"M Morkel",56.25
2010,"M Muralitharan",50.00
2010,"M Vijay",156.85
2010,"Mandeep Singh",36.36
2010,"MC Henriques",220.00
2010,"MD Mishra",116.90
2010,"MEK Hussey",84.09
2010,"MF Maharoof",134.78
2010,"MJ Lumb",147.09
2010,"MK Pandey",110.67
2010,"MK Tiwary",128.11
2010,"ML Hayden",124.01
2010,"MM Patel",80.00
2010,"MR Marsh",93.33
2010,"MS Bisla",123.16
2010,"MS Dhoni",136.67
2010,"MS Gony",33.33
2010,"MV Boucher",130.00
2010,"NV Ojha",133.22
2010,"OA Shah",121.05
2010,"P Dogra",100.94
2010,"P Kumar",50.00
2010,"PA Patel",91.14
2010,"Pankaj Singh",50.00
2010,"PD Collingwood",130.13
2010,"PJ Sangwan",71.43
2010,"PP Chawla",105.08
2010,"PP Ojha",37.50
2010,"R Ashwin",75.00
2010,"R Bhatia",141.18
2010,"R Dravid",128.64
2010,"R McLaren",95.65
2010,"R Sathish",116.67
2010,"R Sharma",111.54
2010,"R Vinay Kumar",84.38
2010,"RE van der Merwe",50.00
2010,"RG Sharma",134.67
2010,"RJ Harris",115.38
2010,"RP Singh",47.37
2010,"RR Powar",62.50
2010,"RS Bopara",115.89
2010,"RS Gavaskar",25.00
2010,"RS Sodhi",200.00
2010,"RV Uthappa",171.56
2010,"S Anirudha",166.67
2010,"S Badrinath",118.27
2010,"S Dhawan",113.02
2010,"S Ladda",0.00
2010,"S Narwal",116.67
2010,"S Sreesanth",128.57
2010,"S Sriram",93.10
2010,"S Tyagi",75.00
2010,"SA Asnodkar",125.00
2010,"SC Ganguly",117.94
2010,"SE Bond",50.00
2010,"SE Marsh",128.95
2010,"SJ Srivastava",50.00
2010,"SK Raina",145.05
2010,"SK Trivedi",142.86
2010,"SK Warne",52.63
2010,"SL Malinga",100.00
2010,"SP Goswami",80.00
2010,"SR Tendulkar",133.48
2010,"SR Watson",163.72
2010,"SS Tiwary",136.48
2010,"ST Jayasuriya",106.45
2010,"STR Binny",160.00
2010,"SW Tait",92.31
2010,"T Thushara",90.91
2010,"TL Suman",120.39
2010,"TM Dilshan",83.02
2010,"UT Yadav",75.00
2010,"V Kohli",145.50
2010,"V Sehwag",164.06
2010,"VS Malik",120.00
2010,"VVS Laxman",106.67
2010,"WP Saha",126.42
2010,"WPUJC Vaas",88.24
2010,"Y Nagar",16.67
2010,"Y Venugopal Rao",79.07
2010,"YA Abdulla",0.00
2010,"YK Pathan",166.50
2010,"Yuvraj Singh",129.50
2010,"Z Khan",184.62
2011,"A Mishra",138.78
2011,"A Mithun",135.00
2011,"A Singh",25.00
2011,"A Symonds",97.83
2011,"AA Chavan",33.33
2011,"AA Jhunjhunwala",58.82
2011,"AB Agarkar",140.00
2011,"AB de Villiers",128.93
2011,"AB Dinda",0.00
2011,"AB McDonald",114.29
2011,"AC Blizzard",137.93
2011,"AC Gilchrist",131.62
2011,"AC Thomas",25.00
2011,"AG Murtaza",40.00
2011,"AG Paunikar",90.74
2011,"AJ Finch",102.17
2011,"AL Menaria",118.42
2011,"AM Nayar",92.42
2011,"AM Rahane",122.45
2011,"AN Ahmed",138.46
2011,"AS Raut",103.45
2011,"AT Rayudu",113.18
2011,"AUK Pathan",206.25
2011,"B Akhil",144.44
2011,"B Chipli",121.76
2011,"B Kumar",100.00
2011,"B Lee",55.56
2011,"BA Bhatt",0.00
2011,"BB McCullum",131.25
2011,"Bipul Sharma",127.78
2011,"BJ Haddin",163.64
2011,"BJ Hodge",121.79
2011,"CA Ingram",84.00
2011,"CA Pujara",109.68
2011,"CH Gayle",183.69
2011,"CJ Ferguson",88.89
2011,"CK Langeveldt",100.00
2011,"CL White",95.41
2011,"DA Warner",117.82
2011,"DB Ravi Teja",127.97
2011,"DE Bollinger",0.00
2011,"DH Yagnik",76.19
2011,"DJ Bravo",183.33
2011,"DJ Hussey",101.59
2011,"DJ Jacobs",104.55
2011,"DL Vettori",82.14
2011,"DPMD Jayawardene",116.34
2011,"DS Kulkarni",50.00
2011,"DT Christian",121.02
2011,"DW Steyn",102.86
2011,"EJG Morgan",117.09
2011,"FY Fazal",100.00
2011,"G Gambhir",120.38
2011,"GC Smith",82.35
2011,"Harbhajan Singh",145.07
2011,"Harpreet Singh",70.00
2011,"I Malhotra",175.00
2011,"I Sharma",80.00
2011,"IK Pathan",109.49
2011,"Iqbal Abdulla",125.00
2011,"IR Jaggi",75.68
2011,"J Botha",116.16
2011,"J Syed Mohammad",125.00
2011,"JA Morkel",138.00
2011,"JD Ryder",148.98
2011,"JDP Oram",0.00
2011,"JE Taylor",100.00
2011,"JEC Franklin",137.18
2011,"JH Kallis",112.17
2011,"JJ van der Wath",112.50
2011,"Joginder Sharma",0.00
2011,"JP Duminy",118.50
2011,"JR Hopes",124.84
2011,"KA Pollard",110.61
2011,"KB Arun Karthik",87.50
2011,"KC Sangakkara",123.02
2011,"KD Karthik",128.18
2011,"KM Jadhav",78.26
2011,"L Ablish",0.00
2011,"L Balaji",200.00
2011,"LA Pomersbach",130.77
2011,"LR Shukla",140.00
2011,"LRPL Taylor",120.67
2011,"M Kaif",124.24
2011,"M Kartik",85.71
2011,"M Klinger",97.33
2011,"M Manhas",92.68
2011,"M Morkel",166.67
2011,"M Muralitharan",71.43
2011,"M Vijay",128.02
2011,"MA Agarwal",120.51
2011,"Mandeep Singh",114.63
2011,"MD Mishra",111.67
2011,"MEK Hussey",119.13
2011,"MJ Lumb",0.00
2011,"MK Pandey",108.37
2011,"MK Tiwary",111.49
2011,"MM Patel",0.00
2011,"MR Marsh",102.04
2011,"MS Bisla",80.90
2011,"MS Dhoni",160.00
2011,"MS Gony",0.00
2011,"MS Wade",66.67
2011,"MV Boucher",100.00
2011,"ND Doshi",0.00
2011,"NJ Rimmington",100.00
2011,"NL McCullum",118.18
2011,"NLTC Perera",85.19
2011,"NV Ojha",99.38
2011,"OA Shah",173.33
2011,"P Kumar",87.10
2011,"P Parameswaran",100.00
2011,"PA Patel",110.99
2011,"PC Valthaty",138.62
2011,"PP Chawla",87.27
2011,"PR Shah",100.00
2011,"R Ashwin",33.33
2011,"R Bhatia",113.64
2011,"R Dravid",109.94
2011,"R McLaren",93.75
2011,"R Ninan",60.00
2011,"R Sathish",73.53
2011,"R Sharma",114.29
2011,"R Vinay Kumar",106.38
2011,"RA Jadeja",124.67
2011,"RE van der Merwe",87.50
2011,"RG Sharma",125.25
2011,"RJ Harris",81.58
2011,"RN ten Doeschate",146.58
2011,"RP Singh",50.00
2011,"RR Powar",84.62
2011,"RV Gomez",92.00
2011,"RV Uthappa",128.78
2011,"S Anirudha",112.16
2011,"S Aravind",162.50
2011,"S Badrinath",126.92
2011,"S Dhawan",129.45
2011,"S Nadeem",0.00
2011,"S Rana",120.00
2011,"S Randiv",50.00
2011,"S Sohal",131.05
2011,"S Sreesanth",11.11
2011,"S Sriram",57.14
2011,"SA Asnodkar",100.00
2011,"SB Styris",250.00
2011,"SB Wagh",66.67
2011,"SC Ganguly",86.21
2011,"SD Chitnis",100.00
2011,"SE Marsh",146.94
2011,"Shakib Al Hasan",131.82
2011,"SJ Srivastava",133.33
2011,"SK Raina",135.60
2011,"SK Trivedi",0.00
2011,"SK Warne",50.00
2011,"SL Malinga",88.89
2011,"SP Goswami",100.00
2011,"SR Tendulkar",113.32
2011,"SR Watson",130.95
2011,"SS Tiwary",100.54
2011,"STR Binny",119.35
2011,"Sunny Singh",138.71
2011,"SW Tait",100.00
2011,"TD Paine",38.46
2011,"TL Suman",127.45
2011,"TM Dilshan",125.56
2011,"TR Birt",131.58
2011,"UBT Chand",16.67
2011,"UT Yadav",20.00
2011,"V Kohli",121.35
2011,"V Sehwag",177.41
2011,"VR Aaron",0.00
2011,"VVS Laxman",107.32
2011,"WD Parnell",94.87
2011,"WP Saha",107.94
2011,"Y Gnaneswara Rao",111.76
2011,"Y Nagar",111.00
2011,"Y Venugopal Rao",120.43
2011,"YK Pathan",141.50
2011,"Yuvraj Singh",131.42
2011,"Z Khan",87.50
2012,"A Ashish Reddy",120.69
2012,"A Chandila",0.00
2012,"A Mishra",80.00
2012,"A Nehra",91.67
2012,"A Singh",0.00
2012,"AA Chavan",137.50
2012,"AA Jhunjhunwala",92.31
2012,"AB de Villiers",161.93
2012,"AB Dinda",40.00
2012,"AB McDonald",134.29
2012,"AC Blizzard",0.00
2012,"AC Gilchrist",121.13
2012,"AC Thomas",126.67
2012,"AD Mascarenhas",87.50
2012,"AD Mathews",117.59
2012,"AD Russell",180.77
2012,"AG Murtaza",60.00
2012,"AJ Finch",107.84
2012,"AL Menaria",110.00
2012,"AM Nayar",91.84
2012,"AM Rahane",129.33
2012,"Ankit Sharma",138.46
2012,"AP Majumdar",114.47
2012,"AT Rayudu",132.14
2012,"AUK Pathan",85.71
2012,"Azhar Mahmood",130.99
2012,"B Chipli",105.71
2012,"B Kumar",100.00
2012,"B Lee",210.00
2012,"BA Bhatt",300.00
2012,"BB McCullum",102.12
2012,"BB Samantray",100.00
2012,"Bipul Sharma",153.19
2012,"BJ Hodge",141.62
2012,"CA Lynn",66.67
2012,"CA Pujara",77.27
2012,"CH Gayle",162.53
2012,"CJ Ferguson",79.37
2012,"CJ McKay",53.33
2012,"CL White",150.16
2012,"DA Miller",130.67
2012,"DA Warner",165.16
2012,"DAJ Bracewell",133.33
2012,"DB Das",136.96
2012,"DB Ravi Teja",100.00
2012,"DE Bollinger",60.00
2012,"DH Yagnik",192.31
2012,"DJ Bravo",141.60
2012,"DJ Harris",109.90
2012,"DJ Hussey",129.84
2012,"DJ Jacobs",0.00
2012,"DL Vettori",119.23
2012,"DPMD Jayawardene",112.42
2012,"DR Smith",161.86
2012,"DS Kulkarni",200.00
2012,"DT Christian",122.88
2012,"DW Steyn",90.48
2012,"F du Plessis",131.35
2012,"G Gambhir",143.55
2012,"GB Hogg",93.75
2012,"GJ Maxwell",54.55
2012,"Gurkeerat Singh",165.38
2012,"Harbhajan Singh",135.00
2012,"Harmeet Singh",214.29
2012,"Harpreet Singh",100.00
2012,"HH Gibbs",92.05
2012,"HV Patel",100.00
2012,"IK Pathan",139.68
2012,"Iqbal Abdulla",66.67
2012,"IR Jaggi",71.43
2012,"J Botha",107.41
2012,"J Syed Mohammad",400.00
2012,"J Theron",116.67
2012,"JA Morkel",157.35
2012,"JD Ryder",121.33
2012,"JEC Franklin",99.10
2012,"JH Kallis",107.07
2012,"JP Duminy",128.42
2012,"JP Faulkner",107.69
2012,"K Upadhyay",137.50
2012,"KA Pollard",139.24
2012,"KC Sangakkara",109.29
2012,"KD Karthik",112.26
2012,"KK Cooper",200.00
2012,"KMDN Kulasekara",166.67
2012,"KP Pietersen",147.34
2012,"LR Shukla",131.58
2012,"LRPL Taylor",115.20
2012,"M Kaif",87.50
2012,"M Kartik",123.81
2012,"M Manhas",125.00
2012,"M Morkel",60.00
2012,"M Muralitharan",66.67
2012,"M Vijay",126.79
2012,"MA Agarwal",143.31
2012,"Mandeep Singh",126.69
2012,"MD Mishra",100.00
2012,"MEK Hussey",110.59
2012,"MJ Clarke",104.26
2012,"MK Pandey",130.00
2012,"MK Tiwary",105.69
2012,"MM Patel",28.57
2012,"MN Samuels",100.81
2012,"MS Bisla",133.13
2012,"MS Dhoni",129.82
2012,"MS Gony",50.00
2012,"N Saini",100.00
2012,"NLTC Perera",44.44
2012,"NV Ojha",114.35
2012,"OA Shah",133.33
2012,"P Awana",80.00
2012,"P Dogra",62.50
2012,"P Kumar",120.69
2012,"P Negi",124.14
2012,"P Parameswaran",0.00
2012,"PA Patel",118.29
2012,"PA Reddy",123.73
2012,"PC Valthaty",58.82
2012,"PP Chawla",120.45
2012,"PP Ojha",30.77
2012,"R Ashwin",120.00
2012,"R Bhatia",125.00
2012,"R Dravid",112.14
2012,"R Sharma",18.18
2012,"R Vinay Kumar",109.68
2012,"RA Jadeja",126.49
2012,"RE Levi",113.70
2012,"RG Sharma",126.98
2012,"RJ Harris",163.64
2012,"RJ Peterson",106.67
2012,"RN ten Doeschate",100.00
2012,"RP Singh",50.00
2012,"RR Bhatkal",0.00
2012,"RV Uthappa",118.42
2012,"S Anirudha",316.67
2012,"S Aravind",175.00
2012,"S Badrinath",108.29
2012,"S Dhawan",129.91
2012,"S Nadeem",0.00
2012,"SA Yadav",0.00
2012,"SB Jakati",58.33
2012,"SC Ganguly",98.89
2012,"SD Chitnis",106.45
2012,"SE Marsh",120.00
2012,"Shakib Al Hasan",124.66
2012,"SK Raina",136.11
2012,"SK Trivedi",83.33
2012,"SL Malinga",103.77
2012,"SP Goswami",102.99
2012,"SP Narine",128.57
2012,"SPD Smith",138.17
2012,"SR Tendulkar",114.49
2012,"SR Watson",151.79
2012,"SS Tiwary",114.37
2012,"STR Binny",134.33
2012,"Sunny Gupta",0.00
2012,"TL Suman",78.95
2012,"TM Dilshan",110.04
2012,"UBT Chand",105.88
2012,"UT Yadav",28.57
2012,"V Kohli",112.00
2012,"V Pratap Singh",0.00
2012,"V Sehwag",161.24
2012,"VR Aaron",33.33
2012,"WD Parnell",70.37
2012,"WP Saha",42.86
2012,"Y Nagar",115.04
2012,"Y Venugopal Rao",104.76
2012,"YK Pathan",116.87
2012,"Z Khan",70.59
2013,"A Ashish Reddy",140.45
2013,"A Chandila",66.67
2013,"A Mishra",93.68
2013,"A Mithun",100.00
2013,"A Mukund",90.48
2013,"A Nehra",12.50
2013,"AB Agarkar",75.00
2013,"AB de Villiers",167.26
2013,"AB Dinda",81.82
2013,"AB McDonald",0.00
2013,"AC Gilchrist",128.38
2013,"AD Mascarenhas",100.00
2013,"AD Mathews",123.74
2013,"AD Russell",78.57
2013,"AG Murtaza",125.00
2013,"AJ Finch",136.12
2013,"AL Menaria",50.00
2013,"AM Nayar",90.41
2013,"AM Rahane",106.55
2013,"AP Tare",146.43
2013,"AS Rajpoot",33.33
2013,"AT Rayudu",115.72
2013,"Azhar Mahmood",127.27
2013,"B Chipli",94.12
2013,"B Kumar",73.24
2013,"B Laughlin",44.44
2013,"B Lee",175.00
2013,"BAW Mendis",50.00
2013,"BB McCullum",85.71
2013,"BB Samantray",110.81
2013,"BJ Hodge",135.02
2013,"BJ Rohrer",136.88
2013,"BMAJ Mendis",85.19
2013,"CA Pujara",92.93
2013,"CH Gayle",158.59
2013,"CH Morris",87.50
2013,"CL White",115.31
2013,"CM Gautam",129.41
2013,"DA Miller",165.22
2013,"DA Warner",126.54
2013,"DB Das",101.35
2013,"DB Ravi Teja",82.35
2013,"DH Yagnik",134.41
2013,"DJ Bravo",114.15
2013,"DJ Hussey",112.98
2013,"DJG Sammy",131.82
2013,"DPMD Jayawardene",106.09
2013,"DR Smith",122.94
2013,"DT Christian",40.00
2013,"DW Steyn",147.22
2013,"EJG Morgan",127.92
2013,"G Gambhir",118.71
2013,"GH Vihari",87.00
2013,"GJ Maxwell",133.33
2013,"Gurkeerat Singh",113.68
2013,"Harbhajan Singh",146.84
2013,"Harmeet Singh",75.00
2013,"IC Pandey",0.00
2013,"IK Pathan",98.71
2013,"Iqbal Abdulla",57.14
2013,"J Botha",82.69
2013,"J Syed Mohammad",76.92
2013,"JA Morkel",124.32
2013,"JD Unadkat",100.00
2013,"JH Kallis",96.58
2013,"JP Faulkner",100.00
2013,"K Upadhyay",100.00
2013,"KA Pollard",151.08
2013,"KB Arun Karthik",107.89
2013,"KC Sangakkara",88.24
2013,"KD Karthik",124.69
2013,"KK Cooper",177.27
2013,"KK Nair",75.00
2013,"KL Rahul",125.00
2013,"KM Jadhav",123.58
2013,"KV Sharma",98.84
2013,"KW Richardson",94.44
2013,"L Balaji",90.00
2013,"LA Pomersbach",98.31
2013,"LJ Wright",179.66
2013,"LR Shukla",25.00
2013,"LRPL Taylor",82.89
2013,"M Kartik",66.67
2013,"M Manhas",76.47
2013,"M Morkel",196.55
2013,"M Rawat",45.45
2013,"M Vijay",109.09
2013,"M Vohra",137.61
2013,"MA Agarwal",108.06
2013,"Mandeep Singh",116.59
2013,"MC Henriques",133.06
2013,"MC Juneja",97.66
2013,"MDKJ Perera",107.69
2013,"MEK Hussey",129.73
2013,"MG Johnson",108.33
2013,"MK Pandey",99.27
2013,"MK Tiwary",104.29
2013,"MM Sharma",0.00
2013,"MN Samuels",44.44
2013,"Mohammed Shami",50.00
2013,"MR Marsh",132.08
2013,"MS Bisla",108.51
2013,"MS Dhoni",164.64
2013,"MS Gony",180.00
2013,"NLTC Perera",144.17
2013,"NM Coulter-Nile",150.00
2013,"NV Ojha",90.00
2013,"OA Shah",108.70
2013,"P Awana",11.11
2013,"P Dogra",62.50
2013,"P Kumar",123.68
2013,"PA Patel",115.29
2013,"PA Reddy",90.10
2013,"Parvez Rasool",55.56
2013,"PC Valthaty",35.29
2013,"PJ Sangwan",200.00
2013,"PP Chawla",112.28
2013,"PP Ojha",50.00
2013,"PV Tambe",50.00
2013,"Q de Kock",40.00
2013,"R Ashwin",71.43
2013,"R Bhatia",123.75
2013,"R Dhawan",100.00
2013,"R Dravid",111.08
2013,"R McLaren",50.00
2013,"R Rampaul",105.56
2013,"R Sathish",143.42
2013,"R Sharma",64.71
2013,"R Shukla",50.00
2013,"R Vinay Kumar",159.09
2013,"RA Jadeja",150.00
2013,"RE van der Merwe",88.00
2013,"RG Sharma",131.86
2013,"RJ Harris",40.00
2013,"RN ten Doeschate",134.92
2013,"RT Ponting",69.33
2013,"RV Gomez",400.00
2013,"RV Uthappa",117.93
2013,"S Anirudha",0.00
2013,"S Badrinath",103.33
2013,"S Dhawan",122.92
2013,"S Kaul",77.78
2013,"S Nadeem",51.85
2013,"S Narwal",153.33
2013,"S Sreesanth",25.00
2013,"Sachin Baby",42.86
2013,"Sandeep Sharma",0.00
2013,"SE Marsh",120.48
2013,"SK Raina",150.55
2013,"SK Trivedi",42.86
2013,"SL Malinga",50.00
2013,"SMSM Senanayake",62.50
2013,"SP Narine",110.53
2013,"SPD Smith",120.45
2013,"SR Tendulkar",124.24
2013,"SR Watson",143.65
2013,"SS Tiwary",102.83
2013,"STR Binny",147.24
2013,"SV Samson",115.73
2013,"SW Tait",33.33
2013,"TL Suman",89.66
2013,"TM Dilshan",82.61
2013,"UA Birla",50.00
2013,"UBT Chand",100.64
2013,"UT Yadav",100.00
2013,"V Kohli",140.75
2013,"V Sehwag",128.82
2013,"WD Parnell",71.43
2013,"WP Saha",125.00
2013,"X Thalaivan Sargunam",58.82
2013,"YK Pathan",138.91
2013,"Yuvraj Singh",125.26
2014,"A Mishra",57.14
2014,"AB de Villiers",159.27
2014,"AB Dinda",33.33
2014,"AD Russell",25.00
2014,"AJ Finch",118.39
2014,"AM Nayar",93.48
2014,"AM Rahane",116.49
2014,"AN Ahmed",400.00
2014,"Ankit Sharma",113.33
2014,"AP Tare",129.90
2014,"AR Patel",103.33
2014,"AT Rayudu",126.22
2014,"B Kumar",25.00
2014,"BB McCullum",121.62
2014,"BCJ Cutting",133.33
2014,"BE Hendricks",0.00
2014,"BJ Hodge",140.28
2014,"BR Dunk",114.29
2014,"CA Lynn",118.37
2014,"CA Pujara",101.63
2014,"CH Gayle",106.52
2014,"CJ Anderson",146.41
2014,"CM Gautam",110.00
2014,"DA Miller",149.16
2014,"DA Warner",142.32
2014,"DH Yagnik",66.67
2014,"DJ Bravo",266.67
2014,"DJ Hussey",123.40
2014,"DJG Sammy",118.68
2014,"DR Smith",136.39
2014,"DS Kulkarni",140.00
2014,"DW Steyn",84.62
2014,"F du Plessis",128.94
2014,"G Gambhir",115.52
2014,"GJ Bailey",136.70
2014,"GJ Maxwell",189.69
2014,"Harbhajan Singh",112.00
2014,"HV Patel",185.71
2014,"IK Pathan",101.85
2014,"Imran Tahir",80.00
2014,"JA Morkel",109.76
2014,"JD Unadkat",16.67
2014,"JDS Neesham",91.30
2014,"JH Kallis",117.97
2014,"JJ Bumrah",33.33
2014,"JO Holder",133.33
2014,"JP Duminy",135.76
2014,"JP Faulkner",194.62
2014,"KA Pollard",135.15
2014,"Karanveer Singh",100.00
2014,"KD Karthik",125.97
2014,"KK Cooper",150.00
2014,"KK Nair",142.24
2014,"KL Rahul",101.22
2014,"KM Jadhav",150.51
2014,"KP Pietersen",126.18
2014,"KV Sharma",144.83
2014,"KW Richardson",50.00
2014,"L Balaji",33.33
2014,"LMP Simmons",135.86
2014,"LR Shukla",81.58
2014,"LRPL Taylor",100.00
2014,"M de Lange",50.00
2014,"M Manhas",152.17
2014,"M Morkel",133.33
2014,"M Vijay",107.81
2014,"M Vohra",139.66
2014,"MA Agarwal",126.37
2014,"MA Starc",101.19
2014,"Mandeep Singh",96.00
2014,"MC Henriques",64.29
2014,"MEK Hussey",114.84
2014,"MG Johnson",112.00
2014,"MK Pandey",119.24
2014,"MK Tiwary",128.81
2014,"MM Sharma",33.33
2014,"Mohammed Shami",42.86
2014,"MS Bisla",33.33
2014,"MS Dhoni",150.20
2014,"NJ Maddinson",114.29
2014,"NV Ojha",145.00
2014,"P Kumar",50.00
2014,"PA Patel",110.81
2014,"PP Chawla",163.16
2014,"PP Ojha",50.00
2014,"PV Tambe",55.56
2014,"Q de Kock",117.69
2014,"R Ashwin",100.00
2014,"R Bhatia",126.42
2014,"R Dhawan",109.33
2014,"R Rampaul",100.00
2014,"R Shukla",85.71
2014,"R Tewatia",123.08
2014,"R Vinay Kumar",66.67
2014,"RA Jadeja",133.94
2014,"RG Sharma",129.14
2014,"RN ten Doeschate",157.58
2014,"RR Rossouw",95.12
2014,"RV Uthappa",138.08
2014,"S Anirudha",60.00
2014,"S Dhawan",118.93
2014,"S Gopal",110.00
2014,"S Kaul",100.00
2014,"S Nadeem",36.84
2014,"S Rana",114.06
2014,"SA Yadav",142.61
2014,"Sandeep Sharma",40.00
2014,"SE Marsh",134.62
2014,"Shakib Al Hasan",149.67
2014,"Shivam Sharma",166.67
2014,"SK Raina",146.50
2014,"SL Malinga",50.00
2014,"SP Narine",71.43
2014,"SPD Smith",135.71
2014,"SR Watson",124.24
2014,"STR Binny",101.65
2014,"SV Samson",124.18
2014,"TG Southee",100.00
2014,"UBT Chand",22.22
2014,"UT Yadav",50.00
2014,"V Kohli",122.11
2014,"V Sehwag",144.90
2014,"VH Zol",111.54
2014,"VR Aaron",106.06
2014,"VS Malik",50.00
2014,"WD Parnell",100.00
2014,"WP Saha",145.38
2014,"Y Venugopal Rao",112.70
2014,"YK Pathan",162.42
2014,"YS Chahal",100.00
2014,"Yuvraj Singh",137.23
2014,"YV Takawale",114.29
2014,"Z Khan",114.29
2015,"A Ashish Reddy",158.70
2015,"A Mishra",66.67
2015,"A Nehra",14.29
2015,"AB de Villiers",176.29
2015,"AD Mathews",139.81
2015,"AD Russell",192.90
2015,"AJ Finch",69.70
2015,"AM Rahane",131.07
2015,"AN Ahmed",200.00
2015,"Ankit Sharma",116.67
2015,"Anureet Singh",58.06
2015,"AP Tare",82.35
2015,"AR Patel",118.39
2015,"AT Rayudu",146.35
2015,"Azhar Mahmood",85.71
2015,"B Kumar",170.00
2015,"BB McCullum",157.97
2015,"BE Hendricks",50.00
2015,"Bipul Sharma",50.00
2015,"CH Gayle",148.34
2015,"CH Morris",168.89
2015,"CJ Anderson",118.75
2015,"CM Gautam",80.00
2015,"D Wiese",143.53
2015,"DA Miller",133.71
2015,"DA Warner",157.87
2015,"DJ Bravo",131.76
2015,"DJ Hooda",158.95
2015,"DJ Muthuswami",33.33
2015,"DJG Sammy",72.22
2015,"DR Smith",120.54
2015,"DS Kulkarni",36.36
2015,"DW Steyn",153.85
2015,"EJG Morgan",123.84
2015,"F du Plessis",125.00
2015,"G Gambhir",117.63
2015,"GB Hogg",116.67
2015,"GH Vihari",114.71
2015,"GJ Bailey",136.32
2015,"GJ Maxwell",129.20
2015,"Gurkeerat Singh",89.74
2015,"Harbhajan Singh",162.50
2015,"HH Pandya",186.67
2015,"HV Patel",158.33
2015,"Imran Tahir",83.33
2015,"Iqbal Abdulla",117.65
2015,"J Botha",206.67
2015,"J Suchith",150.00
2015,"J Theron",100.00
2015,"JA Morkel",132.31
2015,"JP Duminy",131.43
2015,"JP Faulkner",133.33
2015,"KA Pollard",164.31
2015,"Karanveer Singh",68.75
2015,"KD Karthik",120.51
2015,"KK Nair",124.83
2015,"KL Rahul",114.52
2015,"KM Jadhav",135.00
2015,"KS Williamson",114.81
2015,"KV Sharma",122.35
2015,"LMP Simmons",123.29
2015,"M Morkel",133.33
2015,"M Vijay",110.09
2015,"M Vohra",101.23
2015,"MA Agarwal",121.02
2015,"MA Starc",78.57
2015,"Mandeep Singh",157.00
2015,"MC Henriques",136.67
2015,"MEK Hussey",110.00
2015,"MG Johnson",86.11
2015,"MJ McClenaghan",216.67
2015,"MK Pandey",122.28
2015,"MK Tiwary",101.79
2015,"MM Sharma",155.56
2015,"MS Bisla",123.33
2015,"MS Dhoni",121.97
2015,"NJ Maddinson",57.14
2015,"NLTC Perera",80.00
2015,"NM Coulter-Nile",111.11
2015,"NV Ojha",114.17
2015,"P Kumar",68.00
2015,"P Negi",161.11
2015,"PA Patel",137.80
2015,"Parvez Rasool",100.00
2015,"PJ Cummins",0.00
2015,"PP Chawla",114.89
2015,"PV Tambe",60.00
2015,"Q de Kock",158.44
2015,"R Ashwin",162.50
2015,"R Bhatia",0.00
2015,"R Dhawan",109.09
2015,"R Vinay Kumar",0.00
2015,"RA Jadeja",104.76
2015,"RG More",100.00
2015,"RG Sharma",144.74
2015,"RN ten Doeschate",135.56
2015,"RR Rossouw",140.00
2015,"RS Bopara",120.83
2015,"RV Uthappa",131.41
2015,"S Aravind",0.00
2015,"S Dhawan",123.86
2015,"S Gopal",100.00
2015,"S Nadeem",28.57
2015,"SA Abbott",115.38
2015,"SA Yadav",138.94
2015,"Sandeep Sharma",64.29
2015,"SE Marsh",150.00
2015,"Shakib Al Hasan",133.33
2015,"SK Raina",123.43
2015,"SL Malinga",60.00
2015,"SN Khan",158.57
2015,"SN Thakur",116.67
2015,"SP Narine",0.00
2015,"SPD Smith",135.45
2015,"SR Watson",135.02
2015,"SS Iyer",128.36
2015,"SS Tiwary",139.74
2015,"STR Binny",113.85
2015,"SV Samson",125.93
2015,"TG Southee",144.44
2015,"UBT Chand",122.89
2015,"UT Yadav",207.14
2015,"V Kohli",130.83
2015,"V Sehwag",117.86
2015,"VR Aaron",200.00
2015,"WP Saha",126.40
2015,"YK Pathan",136.24
2015,"YS Chahal",100.00
2015,"Yuvraj Singh",118.66
2016,"A Ashish Reddy",162.07
2016,"A Mishra",28.57
2016,"A Nehra",100.00
2016,"A Zampa",0.00
2016,"AB de Villiers",169.63
2016,"AD Nath",74.07
2016,"AD Russell",164.91
2016,"AJ Finch",132.32
2016,"AM Rahane",126.98
2016,"Ankit Sharma",100.00
2016,"AP Tare",53.33
2016,"AR Patel",144.16
2016,"AT Rayudu",120.58
2016,"B Kumar",159.26
2016,"BB McCullum",135.11
2016,"BB Sran",133.33
2016,"BCJ Cutting",191.18
2016,"Bipul Sharma",204.00
2016,"C Munro",100.00
2016,"CA Lynn",113.64
2016,"CH Gayle",151.33
2016,"CH Morris",178.90
2016,"CJ Jordan",75.00
2016,"CR Brathwaite",218.42
2016,"D Wiese",125.00
2016,"DA Miller",123.85
2016,"DA Warner",151.97
2016,"DJ Bravo",120.73
2016,"DJ Hooda",121.01
2016,"DR Smith",147.27
2016,"DS Kulkarni",168.75
2016,"DW Steyn",50.00
2016,"EJG Morgan",117.14
2016,"ER Dwivedi",171.43
2016,"F Behardien",107.69
2016,"F du Plessis",127.16
2016,"G Gambhir",121.90
2016,"GJ Bailey",86.60
2016,"GJ Maxwell",144.35
2016,"Gurkeerat Singh",131.40
2016,"Harbhajan Singh",109.52
2016,"HH Pandya",69.84
2016,"HM Amla",131.93
2016,"IK Pathan",84.62
2016,"Imran Tahir",71.43
2016,"Iqbal Abdulla",142.31
2016,"Ishan Kishan",102.44
2016,"J Yadav",60.00
2016,"JA Morkel",177.78
2016,"JC Buttler",139.34
2016,"JJ Bumrah",72.73
2016,"JO Holder",115.79
2016,"JP Duminy",123.23
2016,"JP Faulkner",132.76
2016,"KA Pollard",144.44
2016,"KC Cariappa",118.18
2016,"KD Karthik",125.94
2016,"KH Pandya",191.13
2016,"KJ Abbott",162.50
2016,"KK Nair",121.02
2016,"KL Rahul",146.49
2016,"KM Jadhav",135.48
2016,"KP Pietersen",119.67
2016,"KS Williamson",101.64
2016,"KV Sharma",120.00
2016,"KW Richardson",100.00
2016,"LMP Simmons",100.00
2016,"M Ashwin",0.00
2016,"M Morkel",100.00
2016,"M Vijay",124.45
2016,"M Vohra",122.90
2016,"MA Agarwal",108.00
2016,"MC Henriques",115.92
2016,"MG Johnson",35.71
2016,"MJ Guptill",103.64
2016,"MJ McClenaghan",147.83
2016,"MK Pandey",135.52
2016,"MM Sharma",123.08
2016,"Mohammed Shami",50.00
2016,"MP Stoinis",135.19
2016,"MR Marsh",63.64
2016,"MS Dhoni",135.24
2016,"N Rana",140.54
2016,"NLTC Perera",163.04
2016,"NM Coulter-Nile",64.29
2016,"NS Naik",74.19
2016,"NV Ojha",98.55
2016,"P Kumar",92.31
2016,"P Negi",96.61
2016,"P Sahu",146.15
2016,"PA Patel",117.22
2016,"Parvez Rasool",111.11
2016,"PP Chawla",103.85
2016,"PSP Handscomb",50.00
2016,"PV Tambe",38.89
2016,"Q de Kock",136.50
2016,"R Ashwin",107.89
2016,"R Bhatia",170.00
2016,"R Dhawan",233.33
2016,"R Sathish",100.00
2016,"R Vinay Kumar",108.33
2016,"RA Jadeja",109.14
2016,"RG Sharma",133.61
2016,"RR Pant",130.26
2016,"RV Uthappa",136.81
2016,"S Dhawan",117.33
2016,"S Gopal",12.50
2016,"S Kaushik",0.00
2016,"S Nadeem",20.00
2016,"SA Yadav",129.08
2016,"Sachin Baby",154.55
2016,"Sandeep Sharma",88.89
2016,"SB Jakati",50.00
2016,"SE Marsh",118.66
2016,"Shakib Al Hasan",107.55
2016,"SK Raina",127.88
2016,"SN Khan",212.90
2016,"SP Narine",53.85
2016,"SPD Smith",154.29
2016,"SR Watson",133.58
2016,"SS Iyer",69.77
2016,"SS Tiwary",122.30
2016,"STR Binny",161.54
2016,"SV Samson",112.79
2016,"SW Billings",139.68
2016,"Swapnil Singh",0.00
2016,"TG Southee",166.67
2016,"TM Head",138.46
2016,"UBT Chand",0.00
2016,"UT Khawaja",128.28
2016,"UT Yadav",180.00
2016,"V Kohli",152.75
2016,"WP Saha",127.36
2016,"YK Pathan",145.56
2016,"Yuvraj Singh",131.84
2016,"Z Khan",46.15
2017,"A Choudhary",125.00
2017,"A Mishra",94.23
2017,"A Zampa",71.43
2017,"AB de Villiers",132.52
2017,"AB Dinda",100.00
2017,"AD Mathews",118.52
2017,"AD Nath",0.00
2017,"AF Milne",58.33
2017,"AJ Finch",164.84
2017,"AJ Tye",182.76
2017,"AM Rahane",118.27
2017,"Ankit Sharma",166.67
2017,"Ankit Soni",77.78
2017,"Anureet Singh",125.00
2017,"AP Tare",78.26
2017,"AR Bawne",100.00
2017,"AR Patel",140.12
2017,"AS Rajpoot",57.14
2017,"AT Rayudu",116.67
2017,"B Kumar",100.00
2017,"BA Stokes",142.99
2017,"Basil Thampi",100.00
2017,"BB McCullum",145.45
2017,"BCJ Cutting",196.15
2017,"Bipul Sharma",129.17
2017,"C de Grandhomme",136.96
2017,"CA Lynn",183.23
2017,"CH Gayle",123.46
2017,"CH Morris",163.83
2017,"CJ Anderson",116.39
2017,"CJ Jordan",0.00
2017,"CR Brathwaite",80.00
2017,"CR Woakes",97.87
2017,"DA Miller",106.41
2017,"DA Warner",142.76
2017,"DJ Hooda",150.00
2017,"DL Chahar",233.33
2017,"DM Bravo",120.00
2017,"DR Smith",153.21
2017,"DS Kulkarni",50.00
2017,"DT Christian",161.22
2017,"EJG Morgan",104.84
2017,"F du Plessis",114.29
2017,"G Gambhir",128.02
2017,"GJ Maxwell",174.16
2017,"Harbhajan Singh",100.00
2017,"HH Pandya",157.23
2017,"HM Amla",146.34
2017,"I Sharma",66.67
2017,"IK Pathan",66.67
2017,"Imran Tahir",0.00
2017,"Iqbal Abdulla",71.43
2017,"IR Jaggi",84.62
2017,"Ishan Kishan",135.12
2017,"JC Buttler",152.51
2017,"JD Unadkat",40.00
2017,"JJ Bumrah",133.33
2017,"JJ Roy",147.50
2017,"JP Faulkner",96.43
2017,"K Rabada",85.94
2017,"KA Pollard",141.58
2017,"KC Cariappa",28.57
2017,"KD Karthik",139.92
2017,"KH Pandya",135.75
2017,"KK Nair",124.34
2017,"KM Jadhav",145.90
2017,"KS Williamson",152.38
2017,"Kuldeep Yadav",90.91
2017,"KV Sharma",119.51
2017,"LH Ferguson",100.00
2017,"LMP Simmons",122.32
2017,"M Vohra",144.03
2017,"MA Agarwal",96.30
2017,"Mandeep Singh",106.21
2017,"MC Henriques",136.45
2017,"MG Johnson",117.65
2017,"MJ Guptill",151.72
2017,"MJ McClenaghan",106.67
2017,"MK Pandey",129.41
2017,"MK Tiwary",137.87
2017,"MM Patel",0.00
2017,"MM Sharma",102.00
2017,"MN Samuels",93.55
2017,"Mohammad Nabi",66.67
2017,"Mohammed Shami",150.00
2017,"MP Stoinis",70.83
2017,"MS Dhoni",116.00
2017,"N Rana",126.62
2017,"NM Coulter-Nile",116.67
2017,"NV Ojha",121.54
2017,"P Kumar",88.89
2017,"P Negi",129.73
2017,"PA Patel",134.81
2017,"PJ Cummins",145.28
2017,"PJ Sangwan",50.00
2017,"PP Chawla",33.33
2017,"R Bhatia",94.12
2017,"R Tewatia",172.73
2017,"RA Jadeja",139.82
2017,"RA Tripathi",146.44
2017,"Rashid Khan",122.22
2017,"RD Chahar",150.00
2017,"RG Sharma",121.98
2017,"RR Pant",166.36
2017,"RV Uthappa",165.11
2017,"S Aravind",80.00
2017,"S Badree",56.52
2017,"S Dhawan",127.73
2017,"S Kaul",0.00
2017,"S Nadeem",22.22
2017,"SA Yadav",119.32
2017,"Sachin Baby",100.00
2017,"Sandeep Sharma",140.00
2017,"SE Marsh",137.50
2017,"Shakib Al Hasan",100.00
2017,"SK Raina",145.39
2017,"SL Malinga",233.33
2017,"SN Thakur",0.00
2017,"SP Jackson",122.58
2017,"SP Narine",172.31
2017,"SPD Smith",121.96
2017,"SR Watson",91.03
2017,"SS Iyer",139.67
2017,"SS Tiwary",120.93
2017,"STR Binny",102.63
2017,"SV Samson",141.39
2017,"SW Billings",133.98
2017,"Swapnil Singh",63.16
2017,"TA Boult",62.50
2017,"TG Southee",233.33
2017,"TM Head",139.81
2017,"TS Mills",72.73
2017,"UT Yadav",76.92
2017,"V Kohli",122.22
2017,"V Shankar",134.67
2017,"Vishnu Vinod",73.08
2017,"VR Aaron",40.00
2017,"Washington Sundar",75.00
2017,"WP Saha",125.81
2017,"YK Pathan",124.35
2017,"YS Chahal",50.00
2017,"Yuvraj Singh",143.18
2017,"Z Khan",30.77
